epoch,processor_unit_units_status_cpu_board_cpu_fan_avg,processor_unit_units_status_cpu_board_cpu_fan_max,processor_unit_units_status_cpu_board_cpu_bd_fan1_avg,processor_unit_units_status_cpu_board_cpu_bd_fan1_max,processor_unit_units_status_cpu_board_cpu_bd_fan2_avg,processor_unit_units_status_cpu_board_cpu_bd_fan2_max,processor_unit_units_status_cpu_board_cpu_bd_temp_avg,processor_unit_units_status_cpu_board_cpu_bd_temp_max,processor_unit_units_status_cpu_board_cpu_core_temp_avg,processor_unit_units_status_cpu_board_cpu_core_temp_max,processor_unit_units_status_cpu_board_gpu_core_temp_avg,processor_unit_units_status_cpu_board_gpu_core_temp_max,processor_unit_units_status_cpu_board_cpu_core_vol_avg,processor_unit_units_status_cpu_board_cpu_core_vol_max,processor_unit_units_status_cpu_board_cpu_bd_vbat_avg,processor_unit_units_status_cpu_board_cpu_bd_vbat_max,processor_unit_units_status_cpu_board_cpu_bd_p3_3v_avg,processor_unit_units_status_cpu_board_cpu_bd_p3_3v_max,processor_unit_units_status_cpu_board_cpu_bd_p5v_avg,processor_unit_units_status_cpu_board_cpu_bd_p5v_max,processor_unit_units_status_cpu_board_cpu_bd_p12v_avg,processor_unit_units_status_cpu_board_cpu_bd_p12v_max
1000,0.025052095,0.115305215,0.0071868505,0.09605862,0.016655548,0.08107805,0.019011945,0.092443466,0.027056985,0.15229261,0.02826343,0.112031996,0.009064046,0.071075544,0.0079223225,0.056927264,0.0074491818,0.07929355,0.0062942444,0.044098035,0.024817448,0.10279362
2000,0.002345466,0.01798433,0.0025321222,0.01664865,0.0107294815,0.036543965,0.0025381702,0.017716289,0.0025195545,0.015487716,0.002898981,0.015597746,0.0060009174,0.02640438,0.0026784618,0.019613445,0.0035252331,0.01496613,0.0020088342,0.013310744,0.0026958985,0.013296723
3000,0.0024835796,0.015601486,0.002731713,0.015790582,0.0115128085,0.035165787,0.0022064988,0.014117241,0.0026580484,0.013579447,0.0026132637,0.01992482,0.0021071164,0.016040862,0.0063810614,0.025867224,0.003849502,0.019509077,0.0025753586,0.010796593,0.001948786,0.014023304
4000,0.0024734333,0.015395761,0.002503647,0.014403284,0.010169409,0.03646356,0.0019809203,0.016035914,0.0026693246,0.014582038,0.0028987,0.012202799,0.001438188,0.01779741,0.0018338789,0.014377892,0.002408575,0.014399052,0.00278353,0.016717447,0.0023335656,0.016255103
