epoch,processor_unit_units_status_cpu_board_cpu_fan_avg,processor_unit_units_status_cpu_board_cpu_fan_max,processor_unit_units_status_cpu_board_cpu_bd_fan1_avg,processor_unit_units_status_cpu_board_cpu_bd_fan1_max,processor_unit_units_status_cpu_board_cpu_bd_fan2_avg,processor_unit_units_status_cpu_board_cpu_bd_fan2_max,processor_unit_units_status_cpu_board_cpu_bd_temp_avg,processor_unit_units_status_cpu_board_cpu_bd_temp_max,processor_unit_units_status_cpu_board_cpu_core_temp_avg,processor_unit_units_status_cpu_board_cpu_core_temp_max,processor_unit_units_status_cpu_board_gpu_core_temp_avg,processor_unit_units_status_cpu_board_gpu_core_temp_max,processor_unit_units_status_cpu_board_cpu_core_vol_avg,processor_unit_units_status_cpu_board_cpu_core_vol_max,processor_unit_units_status_cpu_board_cpu_bd_vbat_avg,processor_unit_units_status_cpu_board_cpu_bd_vbat_max,processor_unit_units_status_cpu_board_cpu_bd_p3_3v_avg,processor_unit_units_status_cpu_board_cpu_bd_p3_3v_max,processor_unit_units_status_cpu_board_cpu_bd_p5v_avg,processor_unit_units_status_cpu_board_cpu_bd_p5v_max,processor_unit_units_status_cpu_board_cpu_bd_p12v_avg,processor_unit_units_status_cpu_board_cpu_bd_p12v_max
1,0.10887653,0.3653753,0.20359583,0.6317609,0.02023723,0.08775878,0.079638615,0.32991993,0.28414664,0.49974927,0.09801814,0.36333424,0.67536366,0.97669363,0.09984047,0.35684258,0.14725496,0.6226733,0.30320808,0.74250144,0.0824181,0.21071452
2,0.07374424,0.3435973,0.0840106,0.3964559,0.053548936,0.11935949,0.15947606,0.4686441,0.27668166,0.5435785,0.08612788,0.31668556,0.3918159,1.0958055,0.064662166,0.30517286,0.24805714,0.73561853,0.09225804,0.28351903,0.17814681,0.32167804
3,0.054104015,0.33049852,0.07986128,0.38593805,0.093316,0.18443447,0.06046259,0.32891,0.11306019,0.39763477,0.07519329,0.4590181,0.44563004,0.7821659,0.064790696,0.28578216,0.456495,0.953944,0.074276224,0.1263331,0.06843509,0.2188316
4,0.28164497,0.5467793,0.18629947,0.52430034,0.15869713,0.24727637,0.41173083,0.6549967,0.1448912,0.44538844,0.25887695,0.51264447,0.20701481,0.8397352,0.057836484,0.3576538,0.45419925,0.98612505,0.03625714,0.16614997,0.0891529,0.25313473
5,0.09083311,0.3277327,0.16774292,0.55933917,0.15934616,0.23153013,0.1072723,0.31626803,0.18851021,0.38536513,0.090121366,0.3487,0.18752833,0.6898345,0.08964958,0.26262045,0.18716285,0.43715885,0.010926217,0.06467099,0.045391366,0.2474829
