test_start,test_end,threshold_data
2018/6/01 00:00:00,2018/7/01 00:00:00,0.0061342551632051
2018/7/01 00:00:00,2018/8/01 00:00:00,0.0092893530969329
2018/8/01 00:00:00,2018/9/01 00:00:00,0.0065845731314012
