test_start,test_end,threshold_data
2018/6/01 00:00:00,2018/7/01 00:00:00,0.3792979897079884
2018/7/01 00:00:00,2018/8/01 00:00:00,0.4161978894009447
2018/8/01 00:00:00,2018/9/01 00:00:00,0.4411936007574232
