test_start,test_end,threshold_data
2018/6/01 00:00:00,2018/7/01 00:00:00,0.0055797343318147
2018/7/01 00:00:00,2018/8/01 00:00:00,0.0044700077288151
2018/8/01 00:00:00,2018/9/01 00:00:00,0.00757068043852
