test_start,test_end,threshold_data
2018/6/01 00:00:00,2018/7/01 00:00:00,0.0074659715267205
2018/7/01 00:00:00,2018/8/01 00:00:00,0.0055700154296656
2018/8/01 00:00:00,2018/9/01 00:00:00,0.0071089978171993
