test_start,test_end,threshold_data
2018/6/01 00:00:00,2018/7/01 00:00:00,0.0054224389822916
2018/7/01 00:00:00,2018/8/01 00:00:00,0.0058474966907869
2018/8/01 00:00:00,2018/9/01 00:00:00,0.0079338855025963
