test_start,test_end,threshold_data
2018/6/01 00:00:00,2018/7/01 00:00:00,0.0050895222772844
2018/6/01 00:00:00,2018/7/01 00:00:00,0.0050895222772844
2018/6/01 00:00:00,2018/7/01 00:00:00,0.0050895222772844
