test_start,test_end,threshold_data
2018/6/01 00:00:00,2018/7/01 00:00:00,0.0055977014680636
2018/7/01 00:00:00,2018/8/01 00:00:00,0.0042337719844161
2018/8/01 00:00:00,2018/9/01 00:00:00,0.004738519181106
