test_start,test_end,threshold_data
2018/6/01 00:00:00,2018/7/01 00:00:00,0.0031177175559702
2018/7/01 00:00:00,2018/8/01 00:00:00,0.0089291619147668
2018/8/01 00:00:00,2018/9/01 00:00:00,0.003993055643447
