epoch,processor_unit_units_status_cpu_board_cpu_fan_avg,processor_unit_units_status_cpu_board_cpu_fan_max,processor_unit_units_status_cpu_board_cpu_bd_fan1_avg,processor_unit_units_status_cpu_board_cpu_bd_fan1_max,processor_unit_units_status_cpu_board_cpu_bd_fan2_avg,processor_unit_units_status_cpu_board_cpu_bd_fan2_max,processor_unit_units_status_cpu_board_cpu_bd_temp_avg,processor_unit_units_status_cpu_board_cpu_bd_temp_max,processor_unit_units_status_cpu_board_cpu_core_temp_avg,processor_unit_units_status_cpu_board_cpu_core_temp_max,processor_unit_units_status_cpu_board_gpu_core_temp_avg,processor_unit_units_status_cpu_board_gpu_core_temp_max,processor_unit_units_status_cpu_board_cpu_core_vol_avg,processor_unit_units_status_cpu_board_cpu_core_vol_max,processor_unit_units_status_cpu_board_cpu_bd_vbat_avg,processor_unit_units_status_cpu_board_cpu_bd_vbat_max,processor_unit_units_status_cpu_board_cpu_bd_p3_3v_avg,processor_unit_units_status_cpu_board_cpu_bd_p3_3v_max,processor_unit_units_status_cpu_board_cpu_bd_p5v_avg,processor_unit_units_status_cpu_board_cpu_bd_p5v_max,processor_unit_units_status_cpu_board_cpu_bd_p12v_avg,processor_unit_units_status_cpu_board_cpu_bd_p12v_max
1,0.14357254,0.48314005,0.13318773,0.60842603,0.08419185,0.17203021,0.13061467,0.50723845,0.09402683,0.48938334,0.14873874,0.562358,0.22413611,0.56412387,0.44511634,0.58823204,0.28870302,0.527303,0.5282267,0.65272635,0.4585489,0.54500926
2,0.17732109,0.5183155,0.14321366,0.5175338,0.10360279,0.22599792,0.19325747,0.573334,0.24424067,0.74076617,0.17631562,0.6096823,0.21207516,0.8659622,0.43175933,0.5850225,0.3151991,0.5626155,0.4655535,0.50829566,0.4513287,0.548689
3,0.127967,0.62851006,0.1368878,0.54390395,0.21295859,0.30151302,0.12167007,0.60563225,0.13299224,0.58897114,0.15988587,0.6617785,0.2512983,0.51248866,0.42484015,0.67367935,0.3946821,0.6687623,0.44103128,0.5714065,0.44348016,0.65194607
4,0.19882394,0.5506427,0.25918096,0.61858004,0.05722909,0.14057899,0.18145755,0.5569625,0.10861542,0.554672,0.24974534,0.70372343,0.18439037,0.73099285,0.42236224,0.7076263,0.5822025,0.9188824,0.34234592,0.9240795,0.4376888,0.7678333
5,0.3806529,0.758625,0.24431798,0.60053957,0.045577846,0.12368697,0.40662694,0.81447285,0.32247275,0.8226601,0.30819306,0.7684897,0.18435131,0.73301136,0.4391615,0.51117766,0.37418255,0.64135695,0.49329397,0.56313246,0.45416322,0.51267767
