test_start,test_end,threshold_data
2018/6/01 00:00:00,2018/7/01 00:00:00,0.0026922424818899
2018/7/01 00:00:00,2018/8/01 00:00:00,0.0057687852578525
2018/8/01 00:00:00,2018/9/01 00:00:00,0.0046368193494595
