test_start,test_end,threshold_data
2018/6/01 00:00:00,2018/7/01 00:00:00,0.0310131984302877
2018/7/01 00:00:00,2018/8/01 00:00:00,0.0073749321214397
2018/8/01 00:00:00,2018/9/01 00:00:00,0.0129408333170663
