test_start,test_end,threshold_data
2018/6/01 00:00:00,2018/7/01 00:00:00,0.0072697069361079
2018/7/01 00:00:00,2018/8/01 00:00:00,0.0067870385891149
2018/8/01 00:00:00,2018/9/01 00:00:00,0.0049467070022433
