test_start,test_end,threshold_data
2018/6/01 00:00:00,2018/7/01 00:00:00,0.4135120543017009
2018/7/01 00:00:00,2018/8/01 00:00:00,0.4168811848342067
2018/8/01 00:00:00,2018/9/01 00:00:00,0.40702696016752016
