test_start,test_end,threshold_data
2018/6/01 00:00:00,2018/7/01 00:00:00,0.00757068043852
2018/7/01 00:00:00,2018/8/01 00:00:00,0.0053149798430054
2018/8/01 00:00:00,2018/9/01 00:00:00,0.0049054093644291
