test_start,test_end,threshold_data
2018/6/01 00:00:00,2018/7/01 00:00:00,0.0039159034338917
2018/6/01 00:00:00,2018/7/01 00:00:00,0.0039159034338917
2018/6/01 00:00:00,2018/7/01 00:00:00,0.0039159034338917
