epoch,processor_unit_units_status_cpu_board_cpu_fan_avg,processor_unit_units_status_cpu_board_cpu_fan_max,processor_unit_units_status_cpu_board_cpu_bd_fan1_avg,processor_unit_units_status_cpu_board_cpu_bd_fan1_max,processor_unit_units_status_cpu_board_cpu_bd_fan2_avg,processor_unit_units_status_cpu_board_cpu_bd_fan2_max,processor_unit_units_status_cpu_board_cpu_bd_temp_avg,processor_unit_units_status_cpu_board_cpu_bd_temp_max,processor_unit_units_status_cpu_board_cpu_core_temp_avg,processor_unit_units_status_cpu_board_cpu_core_temp_max,processor_unit_units_status_cpu_board_gpu_core_temp_avg,processor_unit_units_status_cpu_board_gpu_core_temp_max,processor_unit_units_status_cpu_board_cpu_core_vol_avg,processor_unit_units_status_cpu_board_cpu_core_vol_max,processor_unit_units_status_cpu_board_cpu_bd_vbat_avg,processor_unit_units_status_cpu_board_cpu_bd_vbat_max,processor_unit_units_status_cpu_board_cpu_bd_p3_3v_avg,processor_unit_units_status_cpu_board_cpu_bd_p3_3v_max,processor_unit_units_status_cpu_board_cpu_bd_p5v_avg,processor_unit_units_status_cpu_board_cpu_bd_p5v_max,processor_unit_units_status_cpu_board_cpu_bd_p12v_avg,processor_unit_units_status_cpu_board_cpu_bd_p12v_max
1,0.5820939,0.9615659,0.6456857,1.0173328,0.47904843,0.60143495,0.47798184,0.8866909,0.38753718,0.88848376,0.44107202,0.9049595,0.21528755,0.87374103,0.41436082,0.81223774,0.41336513,0.69377375,0.41424355,0.64013195,0.44197753,0.66976345
2,0.25699028,0.62444854,0.16102959,0.4722603,0.18526243,0.30765486,0.25437897,0.650471,0.2570692,0.754625,0.23395976,0.68511105,0.29066133,0.54834414,0.47312155,1.0734273,0.38402027,0.6544627,0.46424064,0.511936,0.43877956,0.7408126
3,0.12234632,0.5830563,0.15897308,0.6951867,0.21434487,0.30289268,0.1232248,0.61368763,0.23660453,0.7059915,0.13352177,0.604142,0.18932867,0.6722501,0.42313993,1.0232362,0.27716416,0.51198506,0.4307837,0.5978112,0.5008869,1.0709385
4,0.17553937,0.72286236,0.14320676,0.51756126,0.2845252,0.37307626,0.1903271,0.7367858,0.23908909,0.7085561,0.22101076,0.7482192,0.24207991,0.9281204,0.93612075,1.3358552,0.14867868,0.6595369,0.8878959,1.2244369,0.80915725,1.2389942
5,0.18322524,0.7330566,0.32405436,0.8939626,0.034497287,0.13705337,0.14810851,0.67749685,0.10348826,0.5360918,0.1231191,0.5558657,0.38110077,0.6636385,0.5080317,0.85846734,0.14060059,0.6982246,0.5630375,0.74222577,0.48558676,0.86499643
