test_start,test_end,threshold_data
2018/6/01 00:00:00,2018/7/01 00:00:00,0.0072188350878529
2018/7/01 00:00:00,2018/8/01 00:00:00,0.0099964655039955
2018/8/01 00:00:00,2018/9/01 00:00:00,0.0073895642898764
